{"model.layers.0.self_attn.q_proj": {"0.3": [6.94140625, 25.59375], "0.4": [6.94140625, 25.59375], "0.5": [6.94140625, 25.59375], "0.6": [6.94140625, 25.59375], "0.7": [6.94140625, 25.59375], "0.8": [6.94140625, 25.59375]}}